"Tag","CN","EN (Abbr.)","Definition in Chinese","Definition"
 ZEGOCLOUD Concept,流,Stream,,Stream refers to a group of audio and video data encapsulated in a specified encoding format and continuously sent.
 ZEGOCLOUD Concept,拉流,Stream Playing,从即构服务器或者CDN获取媒体流并在终端播放的过程,This refers to the process of receiving media streams from the ZEGOCLOUD server or CDN and playing them on the device.
 ZEGOCLOUD Concept,拉流,Play streams,,
 ZEGOCLOUD Concept,拉流,Play a stream,,
 ZEGOCLOUD Concept,推流,Stream Publishing / Publish a stream / Publish streams,将媒体流上传到即构服务器或者CDN的过程,This refers to the process of transmitting media streams to the ZEGOCLOUD server or CDN.
 ZEGOCLOUD Concept,混流,Stream Mixing,把多条媒体流合成一条。,The process of combining several media streams into one.
 ZEGOCLOUD Concept,CDN转推流,Relaying streams to CDN,,Stream relaying to CDN refers to the process of forwarding a stream from ZEGO's cloud-based real-time streaming server to the designated CDN.
 ZEGOCLOUD Concept,App ID,App ID,,An app ID is a randomly generated string provided by ZEGOCLOUD and is the unique identifier of an app project.
 ZEGOCLOUD Concept,AppSign,AppSign,,An AppSign is a unique string used for authentication and authorization when interacting with a ZEGOCLOUD project through the ZEGOCLOUD SDK. It ensures that only authorized apps have access to the specified ZEGOCLOUD project.
 ZEGOCLOUD Concept,用户ID,User ID,,"A user ID (User Identifier) is a unique identifier that is used to distinguish one user from another in a system, and can be used to identify users who are streaming or receiving media content."
 ZEGOCLOUD Concept,流ID,Stream ID,,"A StreamID is a unique identifier that is used to identify the different audio, video, and data streams that are being transmitted."
 ZEGOCLOUD Concept,Token,Token,,"A Token is a dynamic authentication mechanism generated from a set of inputs, which enables access to real-time network resources while preventing unauthorized service access using your App ID."
 ZEGOCLOUD Concept,房间,Room,,"Room refers to the audio and video space service provided by ZEGOCLOUD, which is used to organize user groups. Users in the same room can send and receive real-time audio, video and messages to each other."
 ZEGOCLOUD Concept,房间ID,Room ID,,The unique identifier of a room.
RTC - General - Video,参数立体声,Parametric Stereo (PS),参数立体声(PS)是有损音频压缩算法，是MPEG-4第3部分(MPEG-4音频)中定义和使用的功能和音频对象类型(AOT)，以进一步提高低带宽立体声媒体中的效率。结合频带复制(SBR)和参数立体声(PS)的高级音频编码低复杂度(AAC LC)被定义为HE-AAC v2。HE-AAC v1解码器在解码HE-AAC v2比特流时仅发出单声道声音。参数立体声在空间域执行稀疏编码，有点类似于SBR在频域执行的操作。,"Parametric Stereo (PS) is lossy audio compression algorithm and a feature and an Audio Object Type (AOT) defined and used in MPEG-4 Part 3 (MPEG-4 Audio) to further enhance efficiency in low bandwidth stereo media. Advanced Audio Coding Low Complexity (AAC LC) combined with Spectral Band Replication (SBR) and Parametric Stereo (PS) was defined as HE-AAC v2. An HE-AAC v1 decoder will only give mono sound when decoding an HE-AAC v2 bitstream. Parametric Stereo performs sparse coding in the spatial domain, somewhat similar to what SBR does in the frequency domain."
RTC - General - Video,长宽比 / 横纵比,Aspect Ratio,,"The proportional relationship between an image’s or player’s width and its height. The standards for broadcast are 4:3 and 16:9. HD video is natively 16:9, which is what we recommend. 4:3 is typical for SD video."
RTC - General - Video,等比缩放,Proportional Scaling,等比缩放就是保证这些比例维持不变，仅仅是尺寸变大变小，那么画面就不会变形。,
RTC - General - Video,点播,Video on Demand (VOD),,
RTC - General - Video,关键帧间隔,Keyframe Interval,,"The interval is how often keyframes are set within the video, which is configured in the encoder. If you are expecting lots of movement in your video, it’s best to have a shorter key frame interval, which can be data intensive and thus create a larger sized video."
RTC - General - Video,关键帧 / I 帧,Keyframe / Intra-frame / I-frame,,"The keyframe, or intra-frame, is the full frame of the image in a video. Subsequent delta frames (i.e. P-frames or B-frames), only contain the information that has changed. Keyframes will appear multiple times within a stream, depending on how it was created or how it’s being streamed."
RTC - General - Video,离散余弦变换,Discrete Cosine Transform (DTC),,
RTC - General - Video,秒开,Instant start,秒开即从视频播放开始到真正看到第一帧画面所消耗的时间要尽可能的短（几百毫秒时间），不能让观众有明显的等待时间。,
RTC - General - Video,前向预测帧 / P帧,Predicted Frame / P-frame,,"A P-frame holds only the changes in the image from the previous frame. For example, in a scene where a car moves across a stationary background, only the car's movements need to be encoded. The encoder does not need to store the unchanging background pixels in the P‑frame, thus saving space."
RTC - General - Video,视频编码,Video Encoding,,
RTC - General - Video,视频编码层,Video Coding Layer (VCL),,
RTC - General - Video,视频编码格式,Video Coding Format,"视频编码格式(或者有时是视频压缩格式)是用于存储或传输数字视频内容(例如在数据文件或比特流中)的内容表示格式。它通常使用标准化的视频压缩算法，最常见的是基于离散余弦变换(DCT)编码和运动补偿。

视频编码格式的示例包括 H.264 (AVC, MPEG-4 Part 10), H.265 (HEVC)、VP8、VP9和AV1。","A video coding format  (or sometimes video compression format) is a content representation format for storage or transmission of digital video content (such as in a data file or bitstream). It typically uses a standardized video compression algorithm, most commonly based on discrete cosine transform (DCT) coding and motion compensation.

Examples of video coding formats include H.264 (AVC, MPEG-4 Part 10), H.265 (HEVC), VP8, VP9, and AV1."
RTC - General - Video,视频采集,Video Capture,,
RTC - General - Video,视频可用性信息,Video Usability Information (VUI),,
RTC - General - Video,视频投顾,Video Investment Advisory Services,,
RTC - General - Video,视频渲染,Video Rendering,渲染，在电脑绘图中，是指以软件由模型生成图像的过程。模型是用语言或者数据结构进行严格定义的三维物体或虚拟场景的描述，它包括几何、视点、纹理、照明和阴影等信息。图像是数字图像或者位图图像。渲染用于描述：计算视频编辑软件中的效果，以生成最终视频的输出过程。,Rendering or image synthesis is the automatic process of generating a photorealistic or non-photorealistic image from a 2D or 3D model (or models in what collectively could be called a scene file) by means of computer programs.
RTC - General - Video,视频压缩,Video Compression,,
RTC - General - Video,首帧时间,Time to First Frame (TTFF),,
RTC - General - Video,条带 / 切片,Slice,,
RTC - General - Pre/Post processing,Alpha混合,Alpha Blending,Alpha混合（英语：alpha blending）是将半透明的前景色与背景色结合的过程，可以得到混合后的新颜色。前景色的透明度不限，从完全透明到完全不透明都可以。如果前景色完全透明，混合后的颜色就是背景色；如果前景色完全不透明，混合后的颜色就是前景色；如果在这两种极端情况之间，混合后的颜色可以通过前景色和背景色的加权平均计算。,"Alpha blending is the process of combining a translucent foreground color with a background color, thereby producing a new color blended between the two. The degree of the foreground color's translucency may range from completely transparent to completely opaque. If the foreground color is completely transparent, the blended color will be the background color. Conversely, if it is completely opaque, the blended color will be the foreground color. The translucency can range between these extremes, in which case the blended color is computed as a weighted average of the foreground and background colors."
RTC - General - Pre/Post processing,动态图像专家组,Moving Picture Experts Group (MPEG),运动图像专家组(MPEG)是ISO/IEC的一个工作组，负责制定运动图像、音频及其组合的压缩、解压缩、处理和编码表示的国际标准。,"The Moving Picture Experts Group (MPEG) is a working group of ISO/IEC in charge of the development of international standards for compression, decompression, processing, and coded representation of moving pictures, audio and their combination."
RTC - General - Pre/Post processing,放大/拉近,Zoom In,,
RTC - General - Pre/Post processing,翻转 / 镜像,Flipping / Mirroring,,
RTC - General - Pre/Post processing,非等比缩放,"Disproportionate Scaling /
Anamorphic Scaling",,
RTC - General - Pre/Post processing,非稳态噪声,Non‐steady‐state Noise,,
RTC - General - Pre/Post processing,非线性处理,Non-Linear Processing (NLP),,
RTC - General - Pre/Post processing,非线性剪切,Non-Linear Clipping,,
RTC - General - Pre/Post processing,分屏,Split-screen,横屏情况下通话双方各占一半一边的模式,
RTC - General - Pre/Post processing,横屏,Landscape,,
RTC - General - Pre/Post processing,剪裁,Cropping,,
RTC - General - Pre/Post processing,离线渲染,Offline Rendering,,
RTC - General - Pre/Post processing,谱减法,Spectral Subtraction,谱减法是一种利用语音信号的短时平稳特性，从带噪声的语音信号短时谱中减去噪声的短时谱，从而得到纯净语音的频谱。该方法是针对宽带声音信号去噪的方法，对加性噪声效果比较好。,"Spectral subtraction is a method for restoration of the power or the magnitude spectrum of a signal observed in additive noise, through subtraction of an estimate of the average noise spectrum from the noisy signal spectrum."
RTC - General - Pre/Post processing,前处理,Pre-processing,,
RTC - General - Pre/Post processing,色彩空间,Color Space,,
RTC - General - Pre/Post processing,色彩模型,Color Model,,
RTC - General - Pre/Post processing,色度,Chroma / Chrominance,色度指的是色彩的纯度，也叫饱和度或彩度，是“色彩三属性”之一。,"Chrominance (chroma or C for short) is the signal used in video systems to convey the color information of the picture, separately from the accompanying luma signal (or Y for short)."
RTC - General - Pre/Post processing,色度抽样,Chroma Subsampling,在数字图像处理领域中，色彩采样是指在表示图像时使用较亮度信息为低的分辨率来表示色彩（色度）信息。当对模拟分量视频或者YUV讯号进行数字抽样时，一般会用到色度抽样。由于人眼对色度的敏感度不及对亮度的敏感度，图像的色度分量不需要有和亮度分量相同的清晰度，所以许多视频系统在色差通道上进行较低（相对亮度通道）清晰度（例如，抽样频率）的抽样。这样在不明显降低画面质量的同时降低了影像信号的总带宽。,"Chroma subsampling is the practice of encoding images by implementing less resolution for chroma information than for luma information, taking advantage of the human visual system's lower acuity for color differences than for luminance."
RTC - General - Pre/Post processing,双向预测帧 / B帧,Bidirectional Predicted Frame / B-frame,,"B-frames look backward and forward to a previous or later p-frame or keyframe (i-frame) and only contain new information not already presented, thus save even more space."
RTC - General - Pre/Post processing,双指向式 / 8字形指向,Bi-directional,双指向式(Bi-directional或Figure-of-8)可接受来自麦克风前方和后方的声音。直接使用的应用场合不多，大多是运用作为立体声录音法等特殊用途(如MS、Blumlein录音法)。其内部结构和全指向性基本相似，主要区别是在线路板上面（PCB）,"""Figure 8"" or bi-directional microphones receive sound equally from both the front and back of the element."
RTC - General - Pre/Post processing,填充 （视频填充）,Padding,"在内存中存储图像的通常方式是逐行逐行地存储其像素。不仅有宽度×高度的像素数，而且每行还有一些填充。填充区域不用于存储任何内容，它只用来补齐行的长度。有填充物需要一个新的概念：图像跨度。

图像的填充通常是出于硬件图像处理的需要。像素操作的硬件越专业、越高效，就越有可能对像素行的长度对齐有特定要求。","The usual way to store an image in memory is to store its pixels one by one, row by row. There are not only the width×height number of pixels, but each row also has some padding. The padding area is not used for storing anything, it only aligns the length of the row. Having padding requires a new concept: image stride.

Padding is often necessary due to hardware reasons. The more specialized and efficient hardware for pixel manipulation, the more likely it is that it has specific requirements on the row start and length alignment."
RTC - General - Pre/Post processing,图像参数集,Picture Parameter Set (PPS),,
RTC - General - Pre/Post processing,图像组 / 图像序列,Group of Pictures (GOP),,
RTC - General - Pre/Post processing,外部滤镜,Custom Video Filters,,
RTC - General - Pre/Post processing,外部视频渲染,Custom Video Rendering,,
RTC - General - Pre/Post processing,外部音频/视频采集,Custom Audio/Video Capture,,
RTC - General - Pre/Post processing,纹理,Texture,纹理是包含一个或多个图像的OpenGL对象，这些图像都具有相同的图像格式。纹理可以通过两种方式使用：它可以是被着色器访问的纹理数据源，也可以用作渲染目标。,"A texture is an OpenGL Object that contains one or more images that all have the same image format. A texture can be used in two ways: it can be the source of a texture access from a Shader, or it can be used as a render target."
RTC - General - Pre/Post processing,颜色空间转换,Color Space Conversion,,
RTC - General - Pre/Post processing,音频前处理,Audio Pre-processing,,
RTC - General - Pre/Post processing,预测残差,Prediction Residual,,
RTC - General - Encoding/Decoding,变长编码 / 可变长编码,Variable Length Coding (VLC),VLC（variable-length coding），变长编码，即编码时每个符号的码字长度不一样。例如经典的霍夫曼编码（Huffman Coding）、香农-凡诺算法等。,"In coding theory a variable-length code is a code which maps source symbols to a variable number of bits. Some examples of well-known variable-length coding strategies are Huffman coding, Lempel–Ziv coding, arithmetic coding, and context-adaptive variable-length coding."
RTC - General - Encoding/Decoding,变换编码,Transform Coding,"该术语在数字媒体和数字信号处理中更为常用。在这方面使用最广泛的变换编码技术是离散余弦变换(DCT)。它是通用JPEG图像压缩标准的基础，该标准检查图像的小块并将其转换到频域，以实现更有效的量化(有损)和数据压缩。在视频编码中，H.26x和MPEG标准使用运动补偿修改了运动图像中跨帧的DCT图像压缩技术，与一系列JPEG相比进一步减小了尺寸。

在音频编码中，MPEG音频压缩根据心理声学模型分析转换后的数据，该模型描述了人耳对信号部分的敏感度，类似于电视模型。MP3使用混合编码算法，结合了改进的离散余弦变换(MDCT)和快速傅立叶变换(FFT)。随后是高级音频编码(AAC)，它使用纯MDCT算法来显著提高压缩效率。","The term is much more commonly used in digital media and digital signal processing. The most widely used transform coding technique in this regard is the discrete cosine transform (DCT). It is the basis for the common JPEG image compression standard, which examines small blocks of the image and transforms them to the frequency domain for more efficient quantization (lossy) and data compression. In video coding, the H.26x and MPEG standards modify this DCT image compression technique across frames in a motion image using motion compensation, further reducing the size compared to a series of JPEGs.

In audio coding, MPEG audio compression analyzes the transformed data according to a psychoacoustic model that describes the human ear's sensitivity to parts of the signal, similar to the TV model. MP3 uses a hybrid coding algorithm, combining the modified discrete cosine transform (MDCT) and fast Fourier transform (FFT). It was succeeded by Advanced Audio Coding (AAC), which uses a pure MDCT algorithm to significantly improve compression efficiency."
RTC - General - Encoding/Decoding,编解码器,Codec,,"Video codecs are video compression standards done through software or hardware applications. Each codec is comprised of an encoder, to compress the video, and a decoder, to recreate an approximate of the video for playback. The name codec actually comes from a merging of these two concepts into a single word: enCOder and DECoder."
RTC - General - Encoding/Decoding,编码,Encoding,,
RTC - General - Encoding/Decoding,编码器,Encoder,,
RTC - General - Encoding/Decoding,多码率编码,Multi-bitrate Encoding,,
RTC - General - Encoding/Decoding,多视图视频编码,Multiview Video Coding (MVC),,
RTC - General - Encoding/Decoding,高级视频编码,"Advanced Video Coding (AVC) /
H.264","高级视频编码(AVC)，也称为H.264或MPEG-4 Part 10，Advanced Video Coding(MPEG-4 AVC)，是基于面向块的运动补偿整数DCT编码的视频压缩标准。到目前为止，它是最常用的视频内容录制、压缩和分发格式，截至2019年9月，91%的视频行业开发人员使用该格式。它支持高达8K超高清的分辨率(包括8K超高清)。

H.264/AVC项目的目的是为了创建一个更佳的视频压缩标准，在更低的比特率的情况下依然能够提供良好视频质量的标准（如，一半或者更少于MPEG-2,H.263,或者MPEG-4 Part2 ）。同时，还要不会太大的增加设计的复杂性。

H.264的另外一个目标是提供足够的灵活性，以允许该标准能够应用于各种各样的网络和系统的各应用上，包括低和高比特率，低和高分辨率视频，广播，DVD存储，RTP / IP分组网络和ITU-T多媒体电话系统。H.264标准可以被视为由多个不同的应用框架 / 配置文件（profiles）组成的“标准系列”。

H.264/MPEG-4 AVC是一种面向块的基于运动补偿的编解码器标准。由ITU-T视频编码专家组与ISO/IEC联合工作组——即动态图像专家组（MPEG）——联合组成的联合视频组（JVT，Joint Video Team）开发。因ITU-T H.264标准和ISO/IEC MPEG-4 AVC标准（正式名称是ISO/IEC 14496-10—MPEG-4第十部分，高级视频编码）有相同的技术内容，故被共同管理。","Advanced Video Coding (AVC), also referred to as H.264 or MPEG-4 Part 10, Advanced Video Coding (MPEG-4 AVC), is a video compression standard based on block-oriented, motion-compensated integer-DCT coding. It is by far the most commonly used format for the recording, compression, and distribution of video content, used by 91% of video industry developers as of September 2019. It supports resolutions up to and including 8K UHD.

The intent of the H.264/AVC project was to create a standard capable of providing good video quality at substantially lower bit rates than previous standards (i.e., half or less the bit rate of MPEG-2, H.263, or MPEG-4 Part 2), without increasing the complexity of design so much that it would be impractical or excessively expensive to implement.

An additional goal was to provide enough flexibility to allow the standard to be applied to a wide variety of applications on a wide variety of networks and systems, including low and high bit rates, low and high resolution video, broadcast, DVD storage, RTP/IP packet networks, and ITU-T multimedia telephony systems. The H.264 standard can be viewed as a ""family of standards"" composed of a number of different profiles, although its ""High profile"" is by far the mostly commonly used format.

H.264 was standardized by the ITU-T Video Coding Experts Group (VCEG) together with the ISO/IEC JTC1 Moving Picture Experts Group (MPEG). The project partnership effort is known as the Joint Video Team (JVT). The ITU-T H.264 standard and the ISO/IEC MPEG-4 AVC standard (formally, ISO/IEC 14496-10 – MPEG-4 Part 10, Advanced Video Coding) are jointly maintained so that they have identical technical content."
RTC - General - Encoding/Decoding,高级音频编码,Advanced Audio Coding (AAC),"AAC是高级音频编码（Advanced Audio Coding）的缩写，出现于1997年，最初是基于MPEG-2的音频编码技术。由Fraunhofer IIS、Dolby Laboratories、AT&T、Sony等公司共同开发，目的是取代MP3格式。2000年，MPEG-4标准出台，AAC重新集成了其它技术（PS,SBR），为区别于传统的MPEG-2 AAC，故含有SBR或PS特性的AAC又称为MPEG-4 AAC。

AAC是一种宽带音频编码算法，主要利用以下两种编码策略来大幅减少存储高质量数字音频所需要的数据量：
舍去与感知上无关的信号成分
去除编码后信号的冗余部分

常用规格包括：
AAC LC (Low Complexity)：低复杂度，码流192kb/s.
AAC HE V1 (High Efficiency) ：在AAC LC的基础上增加了SBR(Spectral Band Replication),码流64kb/s左右.
AAC HE V2： 在AAC HE V1的基础上增加了Parametric Stereo)，码流32kb/s左右","Advanced Audio Coding (AAC) is an audio coding standard for lossy digital audio compression. Designed to be the successor of the MP3 format, AAC generally achieves higher sound quality than MP3 at the same bit rate.
AAC has been standardized by ISO and IEC, as part of the MPEG-2 and MPEG-4 specifications."
RTC - General - Encoding/Decoding,高效率高级音频编码,"High-Efficiency Advanced Audio Coding (AAC-HE, HE-AAC)",高效率高级音频编码(AAC-HE)是一种音频编码格式，用于数字音频的有损数据压缩，在国际标准化组织/国际电工委员会14496-3中定义为mpeg-4音频配置文件。它是低复杂度AAC(AAC-LC)的扩展，针对低比特率应用(如流音频流)进行了优化。AAC-HE v1使用频带复制(SBR)来增强频域中的修正离散余弦变换(MDCT)压缩效率。[AAC-HE v2将SBR与参数立体声(PS)耦合以进一步提高立体声信号的压缩效率。,High-Efficiency Advanced Audio Coding (AAC-HE) is an audio coding format for lossy data compression of digital audio defined as an MPEG-4 Audio profile in ISO/IEC 14496-3. It is an extension of Low Complexity AAC (AAC-LC) optimized for low-bitrate applications such as streaming audio. The usage profile AAC-HE v1 uses spectral band replication (SBR) to enhance the modified discrete cosine transform (MDCT) compression efficiency in the frequency domain.[3] The usage profile AAC-HE v2 couples SBR with Parametric Stereo (PS) to further enhance the compression efficiency of stereo signals.
RTC - General - Encoding/Decoding,高效率视频编码,"High Efficiency Video Coding (HEVC) /
H.265",高效率视频编码（High Efficiency Video Coding，简称HEVC），又称为H.265和MPEG-H第2部分，是一种视频压缩标准，被视为是ITU-T H.264/MPEG-4 AVC标准的继任者。与AVC相比，HEVC在相同的视频质量水平下提供25%到50%的数据压缩，或者在相同的比特率下显著改善视频质量。最高支持8192×4320分辨率，包括8K超高清。,"High Efficiency Video Coding (HEVC), also known as H.265 and MPEG-H Part 2, is a video compression standard, designed as a successor to the widely used Advanced Video Coding (AVC, H.264, or MPEG-4 Part 10). In comparison to AVC, HEVC offers from 25% to 50% better data compression at the same level of video quality, or substantially improved video quality at the same bit rate. It supports resolutions up to 8192×4320, including 8K UHD."
RTC - General - Encoding/Decoding,固定码率 / 恒定码率,Constant Bitrate (CBR),"当形容编解码器的时候，CBR编码指的是编码器的输出码率（或者解码器的输入码率）应该是固定值（常数）。当在一个带宽受限的信道中进行多媒体通讯的时候CBR是非常有用的，因为这时候受限的是最高码率，CBR可以更容易的使用这样的信道。但是CBR不适合进行存储，因为CBR将导致没有足够的码率对复杂的内容部分进行编码（从而导致质量下降），同时在简单的内容部分会浪费一些码率。

大部分编码方案的输出都是可变长的码字，例如霍夫曼编码或者游程编码（run-length coding），这使得编码器很难做到完美的CBR。编码器可以通过调整量化（进而调整编码质量）来部分的解决这个问题，如果同时使用填充码来完美的达到CBR。（有时候，CBR也指一种非常简单的编码方案，比如将一个16位精度的音频数据流通过抽样得到一个8位精度的数据流）","When referring to codecs, constant bit rate encoding means that the rate at which a codec's output data should be consumed is constant. CBR is useful for streaming multimedia content on limited capacity channels since it is the maximum bit rate that matters, not the average, so CBR would be used to take advantage of all of the capacity. CBR would not be the optimal choice for storage as it would not allocate enough data for complex sections (resulting in degraded quality) while wasting data on simple sections.

The problem of not allocating enough data for complex sections could be solved by choosing a high bitrate to ensure that there will be enough bits for the entire encoding process, though the size of the file at the end would be proportionally larger.

Most coding schemes such as Huffman coding or run-length encoding produce variable-length codes, making perfect CBR difficult to achieve. This is partly solved by varying the quantization (quality), and fully solved by the use of padding. (However, CBR is implied in a simple scheme like reducing all 16-bit audio samples to 8 bits.)"
RTC - General - Encoding/Decoding,解码,Decoding,,
RTC - General - Encoding/Decoding,解码器,Decoder,,
RTC - General - Encoding/Decoding,可变码率 / 动态码率,Variable Bitrate (VBR),当形容编解码器的时候，VBR编码指的是编码器的输出码率（或者解码器的输入码率）可以根据编码器的输入源信号的复杂度自适应的调整，目的是达到保持输出质量保持不变而不是保持输出码率保持不变。VBR适用于存储（不太适用于流式传输），可以更有效地利用有限的存储空间：用比较多的码字对复杂度高的段进行编码，用比较少的码字对复杂度低的段进行编码。,"Variable bitrate (VBR) is a term used in telecommunications and computing that relates to the bitrate used in sound or video encoding. As opposed to constant bitrate (CBR), VBR files vary the amount of output data per time segment. VBR allows a higher bitrate (and therefore more storage space) to be allocated to the more complex segments of media files while less space is allocated to less complex segments. The average of these rates can be calculated to produce an average bitrate for the file."
RTC - General - Encoding/Decoding,联合图像专家组,Joint Photographic Experts Group (JPEG),JPEG是国际标准化组织(ISO)和国际电工委员会(IEC)的联合工作组。更具体地说，JPEG委员会是JTC 1的小组委员会29(SC29)的第1工作组(WG1)，静止图像的编码，音频、图像、多媒体和超媒体信息的编码。,"JPEG is a joint working group of the International Standardization Organization (ISO) and the International Electrotechnical Commission (IEC). More specifically, the JPEG committee is Working Group 1 (WG1), Coding of Still Pictures, of JTC 1’s subcommittee 29 (SC29), Coding of Audio, Picture, Multimedia and Hypermedia Information."
RTC - General - Encoding/Decoding,平均码率,Average Bitrate (ABR),平均码率是可变码率(VBR)编码的一种，其中编码器将尝试达到目标的平均比特率或文件大小，同时允许比特率在音频或视频的不同部分之间变化。由于它是可变比特率的一种形式，这允许材料的较复杂部分使用更多比特，而不太复杂的区域使用更少比特。然而，码率的变化不会像可变码率编码那样大，在给定的码率下，VBR通常比ABR的质量更高，ABR比CBR(恒定比特率)的质量更高。,"Average bitrate can also refer to a form of variable bitrate (VBR) encoding in which the encoder will try to reach a target average bitrate or file size while allowing the bitrate to vary between different parts of the audio or video. As it is a form of variable bitrate, this allows more complex portions of the material to use more bits and less complex areas to use fewer bits. However, bitrate will not vary as much as in variable bitrate encoding.At a given bitrate, VBR is usually higher quality than ABR, which is higher quality than CBR (constant bitrate)."
RTC - General - Encoding/Decoding,软件编码/解码,Software Encoding / Decoding,,
RTC - General - Encoding/Decoding,熵编码,Entropy coding,"在信息论中，熵编码是一种与介质的特定特性无关的无损数据压缩方案。
视频编码中的熵编码⽅方法主要⽤用于消除视频信息中的统计冗余。由于信源中每⼀一个符号出现的概率
并不不⼀一致，这就导致使⽤用同样⻓长度的码字表示所有的符号会造成浪费。通过熵编码，针对不不同的语法元素分配不不同⻓长度的码元，可以有效消除视频信息中由于符号概率导致的冗余。
在视频编码算法中常⽤用的熵编码⽅方法有变⻓长编码和算术编码等，具体来说主要有上下⽂文⾃自适应的变长编码(CAVLC)和上下⽂文⾃自适应的⼆二进制算术编码(CABAC)。",In information theory an entropy encoding is a lossless data compression scheme that is independent of the specific characteristics of the medium.
RTC - General - Encoding/Decoding,视频分层编码 / 可适性视频编码 / 可分级视频编码 / 可伸缩视频编码,Scalable Video Coding (SVC),,
RTC - General - Encoding/Decoding,系列参数集,Sequence Parameter Set (SPS),,
RTC - General - Encoding/Decoding,硬件编码/解码,Hardware Encoding / Decoding,,
RTC - General - Encoding/Decoding,帧间编码,Inter Coding,,"Coding of a block, macroblock, slice, or picture that uses inter prediction."
RTC - General - Encoding/Decoding,帧间预测,Inter Prediction,,"A prediction derived from decoded samples of reference pictures other than the current
decoded picture."
RTC - General - Encoding/Decoding,帧内编码,Intra Coding,,"Coding of a block, macroblock, slice, or picture that uses intra prediction."
RTC - General - Encoding/Decoding,帧内预测,Intra Prediction,,A prediction derived from the decoded samples of the same decoded slice.
RTC - General - Encoding/Decoding,即时解码刷新,Instantaneous Decoding Refresh (IDR),,
RTC - General - Device,采集卡/设备,Capture Cards/Devices,,
RTC - General - Audio,残留回声抑制,"Residual Echo Suppression
(RES)",,
RTC - General - Audio,超前掩蔽 / 后向掩蔽,Pre-masking / Backward masking,后面的声音掩蔽它前面的声音，称为超前掩蔽或后向掩蔽。,Masking which obscures a sound immediately preceding the masker is called backward masking or pre-masking.
RTC - General - Audio,单/双声道音频采集,Mono / Stereo Audio Capture,,
RTC - General - Audio,单声道,Mono (monaural),,
RTC - General - Audio,单一指向式,Unidirectional,常见的单一指向式为心型指向(Cardioid)或超心型指向(Hypercardioid)，对于来自麦克风前方的声音有最佳的收音效果，,A unidirectional microphone is primarily sensitive to sounds from only one direction.
RTC - General - Audio,电容式麦克风,Condenser Microphone,,
RTC - General - Audio,动圈麦克风,"Moving-coil Microphone /
Dynamic Microphone",,
RTC - General - Audio,环绕立体声,Surround Sound,,
RTC - General - Audio,话音检测,Voice Activity Detection (VAD),"语音活动检测(Voice activity detection，VAD), 也称为 speech activity detection or speech detection，是语音处理中使用的一种技术，其中检测人类语音的存在或不存在。VAD的主要用途是语音编码和语音识别。它可以方便语音处理，也可以用来去除音频会话的非语音片段：它可以避免在IP语音应用中不必要的编码/传输静默数据包，节省了计算和网络带宽。

语音活动音检测通常是和语言无关的。","Voice activity detection (VAD), also known as speech activity detection or speech detection, is a technique used in speech processing in which the presence or absence of human speech is detected. The main uses of VAD are in speech coding and speech recognition. It can facilitate speech processing, and can also be used to deactivate some processes during non-speech section of an audio session: it can avoid unnecessary coding/transmission of silence packets in Voice over Internet Protocol applications, saving on computation and on network bandwidth.

Voice activity detection is usually language independent."
RTC - General - Audio,混响,Reverberation,混响（英语：reverberation）是声源发音停止后声音继续存在的声学现象。其产生原因在于声波的传播需要被墙壁或周围障碍物所阻碍并反射，其消失也就滞后于发声。,"Reverberation, in psychoacoustics and acoustics, is a persistence of sound after the sound is produced. A reverberation, or reverb, is created when a sound or signal is reflected causing numerous reflections to build up and then decay as the sound is absorbed by the surfaces of objects in the space – which could include furniture, people, and air. This is most noticeable when the sound source stops but the reflections continue, their amplitude decreasing, until zero is reached."
RTC - General - Audio,降噪,Noise Reduction,就是在信号中去除噪音的过程,Noise reduction is the process of removing noise from a signal.
RTC - General - Audio,频带复制,Spectral Band Replication (SBR),频带复制(SBR)是一种增强音频或语音编解码器的技术，特别是在低比特率下，并且基于频域中的谐波冗余。,"Spectral band replication (SBR) is a technology to enhance audio or speech codecs, especially at low bit rates and is based on harmonic redundancy in the frequency domain."
RTC - General - Audio,频率响应,Frequency Response,"频率响应(Frequency Response )是指麦克风接受到不同频率声音时，输出信号会随着频率的变化而发生放大或衰减。最理想的频率响应曲线为一条水平线，代表输出信号能真实呈现原始声音的特性，但这种理想情况不容易实现。一般来说，电容式麦克风的频率响应曲线会比动圈式的来得平坦。常见的麦克风频率响应曲线大多为高低频衰减，而中高频略为放大；低频衰减可以减少录音环境周遭低频噪音的干扰。

频率响应曲线图中，横轴为频率，单位为赫兹，大部分情况取对数来表示；纵轴则为灵敏度，单位为分贝。","This measurement tells you over what frequency range output level for an audio component will remain reasonably constant (either within a specified decibel range, or no more than a certain number of dB from the amplitude at 1kHz)."
RTC - General - Audio,频域掩蔽 / 同时掩蔽,"Fequency Masking /
Simultaneous Masking",一种声音被另一种同时发出的声音所掩盖，称为同时掩蔽。例如，在1kHz频率上发出的声强较大的声音，可能会将在1.1kHz频率上声强较小的声音掩盖。同样地，在440Hz和450Hz上分别先后发出的两个声音可以被清楚地分辨，但当它们同时发出时，就会变得难以识别。,"Simultaneous masking occurs when a sound is made inaudible by a noise or unwanted sound of the same duration as the original sound. For example, a powerful spike at 1 kHz will tend to mask out a lower-level tone at 1.1 kHz. Also, two sine tones at 440 and 450 Hz can be perceived clearly when separated. They cannot be perceived clearly when presented simultaneously."
RTC - General - Audio,全指向式,Omnidirectional,全向式(Omnidirectional)对于来自不同角度的声音，其灵敏度是相同的。常见于需要收录整个环境声音的录音工程；或是声源在移动时，希望能保持良好收音的情况；演讲者在演说时配带的领夹式麦克风也属此类。全向式的缺点在于容易收到四周环境的噪音，而在价格方面相对较为便宜。,An omnidirectional (or nondirectional) microphone's response is generally considered to be a perfect sphere in three dimensions.
RTC - General - Audio,拾音器,Pickup,拾音器（英语：pickup）是一种传感器，它捕获或感知乐器(特别是电吉他等弦乐乐器)产生的机械振动，并将这些振动转换为电信号，使用乐器放大器进行放大，通过扬声器外壳中的扬声器发出音乐声音。来自拾取器的信号也可以直接记录。,"A pickup is a transducer that captures or senses mechanical vibrations produced by musical instruments, particularly stringed instruments such as the electric guitar, and converts these to an electrical signal that is amplified using an instrument amplifier to produce musical sounds through a loudspeaker in a speaker enclosure. The signal from a pickup can also be recorded directly."
RTC - General - Audio,时域掩蔽 / 非同时掩蔽,"Temporal Masking /
Non-simultaneous masking","当一种声音被其之前或之后的其他声音所掩盖时，称为时间掩蔽或非同时掩蔽。后面的声音掩蔽它前面的声音，称为超前掩蔽或后向掩蔽；前面的声音掩蔽它后面的声音，称为滞后后掩蔽或者前向掩蔽。
一般来说，超前掩蔽很短，只有大约5～20 ms，而滞后掩蔽可以持续50～200 ms。",Temporal masking or non-simultaneous masking occurs when a sudden stimulus sound makes inaudible other sounds which are present immediately preceding or following the stimulus. Masking which obscures a sound immediately preceding the masker is called backward masking or pre-masking and masking which obscures a sound immediately following the masker is called forward masking or post-masking.
RTC - General - Audio,双声道,Stereo (stereophonic),,
RTC - General - Audio,四段式耳机插头,TRRS Connector,四段式耳机接口，叫做TRRS端子，可以支持音频输入，也就是麦克风功能，同时也可以支持线控。常见于手机耳机。,"Four-conductor phone connectors are known as TRRS connectors, where T stands for ""tip"", R stands for ""ring"" and S stands for ""sleeve""."
RTC - General - Audio,维纳滤波器,Wiener Filter,假定线性滤波器的输入为有用信号和噪声之和，两者均为广义平稳过程且知它们的二阶统计特性。 维纳根据最小均方误差准则(滤波器的输出信号与需要信号之差的均方值最小)，求得了最佳线性滤波器的参数，这种滤波器被称为维纳滤波器。,"In signal processing, the Wiener filter is a filter used to produce an estimate of a desired or target random process by linear time-invariant (LTI) filtering of an observed noisy process, assuming known stationary signal and noise spectra, and additive noise. The Wiener filter minimizes the mean square error between the estimated random process and the desired process."
RTC - General - Audio,位深,Bit Depth,用多少比特位来表示一个音量的数值。我们在音频采样过程中常用的位宽是16bit，32bit。位数越多，表示得就越精细，声音质量自然就越好，而数据量也会成倍增大。,"Bit Depth is the number of bits of information in each sample, and it directly corresponds to the resolution of each sample. Examples of bit depth include Compact Disc Digital Audio, which uses 16 bits per sample, and DVD-Audio and Blu-ray Disc which can support up to 24 bits per sample."
RTC - General - Audio,稳态噪声,Steady-state Noise,,
RTC - General - Audio,削峰失真,Peak Clipping Distortion,,
RTC - General - Audio,谐波检测,Harmonic Detection,,
RTC - General - Audio,心理声学模型,Psychoacoustic Model,"心理声学（Psychoacoustics）是研究人对声音感知的学科，即研究人对声音（包括言语和音乐）的生理和心理反应的科学，是心理物理学的分支学科。

人能听到的声音的频率范围约为20 Hz (0.02 kHz) 到 20,000 Hz (20 kHz)，上限随年龄增大而减小，大多数成年人无法听到频率在 16 kHz 以上的声音。","Psychoacoustics is the branch of psychophysics involving the scientific study of sound perception and audiology—how humans perceive various sounds. More specifically, it is the branch of science studying the psychological responses associated with sound (including noise, speech, and music).

The human ear can nominally hear sounds in the range 20 Hz (0.02 kHz) to 20,000 Hz (20 kHz). The upper limit tends to decrease with age; most adults are unable to hear above 16 kHz."
RTC - General - Audio,信噪比,"Signal-to-Noise Ratio (SNR, S/N)",信噪比（英语：Signal-to-noise ratio，缩写为SNR或S/N），又称訊噪比，是科学和工程中所用的一种度量，用于比较所需信号的强度与背景噪声的强度。其定义为信号功率与噪声功率的比率，以分贝（dB）为单位表示。大于比率1:1（高于0分贝）表示信号多于噪声。,"Signal-to-noise ratio (abbreviated SNR or S/N) is a measure used in science and engineering that compares the level of a desired signal to the level of background noise. SNR is defined as the ratio of signal power to the noise power, often expressed in decibels. A ratio higher than 1:1 (greater than 0 dB) indicates more signal than noise."
RTC - General - Audio,掩蔽效应,Masking Effects,听觉系统对一种声音的感知被另一种声音所阻碍的现象，被称为掩蔽效应。在频域上的听觉掩蔽效应一般被称为“同时掩蔽”或“频域掩蔽”，在时域上的掩蔽被称为“时域掩蔽”或“非同时掩蔽”。,"Auditory masking occurs when the perception of one sound is affected by the presence of another sound.

Auditory masking in the frequency domain is known as simultaneous masking, frequency masking or spectral masking. Auditory masking in the time domain is known as temporal masking or non-simultaneous masking."
RTC - General - Audio,音频编码格式,Audio Coding Format,音频编码格式(或者有时是音频压缩格式)是用于存储或传输数字音频(例如在数字电视、数字无线电以及音频和视频文件中)的内容表示格式。音频编码格式的示例包括MP3、AAC、Vorbis、FLAC和OPUS。,"An audio coding format (or sometimes audio compression format) is a content representation format for storage or transmission of digital audio (such as in digital television, digital radio and in audio and video files). Examples of audio coding formats include MP3, AAC, Vorbis, FLAC, and Opus."
RTC - General - Audio,语音变调,Pitch Shifting,使用变调技术，声音的原始音调被提高或降低。通过预先指定的音乐间隔(换位)来提高或降低音高的效果单位称为音调移位器。,Pitch shifting is a sound recording technique in which the original pitch of a sound is raised or lowered. Effects units that raise or lower pitch by a pre-designated musical interval (transposition) are called pitch shifters.
RTC - General - Audio,语音增强,Speech Enhancement,"语音增强的目的是通过使用各种算法来提高语音质量。增强的目标是使用音频信号处理技术改善退化语音信号的可理解性和/或整体感知质量。

降噪，是语音增强最重要的领域，被用于许多应用，如移动电话、VoIP、电话会议系统、语音识别和助听器。","Speech enhancement aims to improve speech quality by using various algorithms. The objective of enhancement is improvement in intelligibility and/or overall perceptual quality of degraded speech signal using audio signal processing techniques.

Noise reduction, is the most important field of speech enhancement, and used for many applications such as mobile phones, VoIP, teleconferencing systems, speech recognition, and hearing aids ."
RTC - General - Audio,滞后掩蔽 / 前向掩蔽,Post-masking / Forward masking,前面的声音掩蔽它后面的声音，称为滞后后掩蔽或者前向掩蔽。,Masking which obscures a sound immediately following the masker is called forward masking or post-masking.
RTC - General - Audio,空间语音,Spatial audio,,
RTC - General - Audio,3D 音效,3D sound effects,,
RTC - General  - Transmission,不连续传输,Discontinuous Transmission (DTX),在没有检测到语音输入的时候暂时不发送信号。,Discontinuous transmission (DTX) is a means by which a mobile telephone is temporarily shut off or muted while the phone lacks a voice input.
RTC - General  - Transmission,传输控制协议,Transmission Control Protocol (TCP),传输控制协议(TCP)是Internet协议组的主要协议之一。它起源于最初的网络实施，是对互联网协议(IP)的补充。因此，整个套件通常称为TCP/IP。TCP在通过IP网络通信的主机上运行的应用程序之间提供可靠、有序和错误校验的二进制八位数(字节)流传输。主要的Internet应用程序(如万维网、电子邮件、远程管理和文件传输)依赖于TCP，它是TCP/IP协议簇的传输层的一部分。SSL/TLS通常在TCP之上运行。,"The Transmission Control Protocol (TCP) is one of the main protocols of the Internet protocol suite. It originated in the initial network implementation in which it complemented the Internet Protocol (IP). Therefore, the entire suite is commonly referred to as TCP/IP. TCP provides reliable, ordered, and error-checked delivery of a stream of octets (bytes) between applications running on hosts communicating via an IP network. Major internet applications such as the World Wide Web, email, remote administration, and file transfer rely on TCP, which is part of the Transport Layer of the TCP/IP suite. SSL/TLS often runs on top of TCP."
RTC - General  - Transmission,传输流 / 传送流 / TS流,Transport Stream / Multiplexed Stream,TS流（Transport stream）：传输流，将具有共同时间基准或独立时间基准的一个或多个PES组合而成的单一数据流，用于数据传输。,"Transport stream specifies a container format encapsulating packetized elementary streams, with error correction and synchronization pattern features for maintaining transmission integrity when the communication channel carrying the stream is degraded."
RTC - General  - Transmission,多码率流传输,Multi-bitrate Streaming,,Multi-bitrate streaming refers to the process of sending out multiple versions of your live stream feed at different quality levels.
RTC - General  - Transmission,实时传输控制协议,Real-time Transport Control Protocol (RTCP),"实时传输控制协议（Real-time Transport Control Protocol或RTP Control Protocol或简写RTCP）是实时传输协议（RTP）的一个姐妹协议。RTCP为RTP媒体流提供信道外（out-of-band）控制。RTCP本身并不传输数据，但和RTP一起协作将多媒体数据打包和发送。RTCP定期在流多媒体会话参加者之间传输控制数据。RTCP的主要功能是为RTP所提供的服务质量（Quality of Service）提供反馈。

RTCP收集相关媒体连接的统计信息，例如：传输字节数，传输分组数，丢失分组数，jitter，单向和双向网络延迟等等，网络应用程序即可利用RTCP的统计信息来控制传输的品质，比如当网络带宽高负载时限制信息流量或改用压缩比较小的编解码器。","The RTP Control Protocol (RTCP) is a sister protocol of the Real-time Transport Protocol (RTP). Its basic functionality and packet structure is defined in RFC 3550. RTCP provides out-of-band statistics and control information for an RTP session. It partners with RTP in the delivery and packaging of multimedia data, but does not transport any media data itself.

The primary function of RTCP is to provide feedback on the quality of service (QoS) in media distribution by periodically sending statistics information such as transmitted octet and packet counts, packet loss, packet delay variation, and round-trip delay time to participants in a streaming multimedia session. An application may use this information to control quality of service parameters, perhaps by limiting flow, or using a different codec."
RTC - General  - Transmission,实时传输协议,Real-time Transport Protocol (RTP),实时传输协议（Real-time Transport Protocol或简写RTP）是一个网络传输协议. RTP协议详细说明了在互联网上传递音频和视频的标准数据包格式。它一开始被设计为一个多播协议，但后来被用在很多单播应用中。RTP协议常用于流媒体系统（配合RTSP协议），视频会议和一键通（Push to Talk）系统（配合H.323或SIP），使它成为IP电话产业的技术基础。RTP协议和RTP控制协议RTCP一起使用，而且它是创建在UDP协议上的。,"The Real-time Transport Protocol (RTP) is a network protocol for delivering audio and video over IP networks. RTP is used in communication and entertainment systems that involve streaming media, such as telephony, video teleconference applications including WebRTC, television services and web-based push-to-talk features.

RTP typically runs over User Datagram Protocol (UDP). RTP is used in conjunction with the RTP Control Protocol (RTCP). While RTP carries the media streams (e.g., audio and video), RTCP is used to monitor transmission statistics and quality of service (QoS) and aids synchronization of multiple streams. RTP is one of the technical foundations of Voice over IP and in this context is often used in conjunction with a signaling protocol such as the Session Initiation Protocol (SIP) which establishes connections across the network."
RTC - General  - Transmission,实时流协议,Real-time Streaming Protocol (RTSP),"实时流协议（Real Time Streaming Protocol，RTSP）是一种网络应用协议，专为娱乐和通信系统的使用，以控制流媒体服务器。该协议用于创建和控制终端之间的媒体会话。媒体服务器的客户端发布VCR命令，例如播放，录制和暂停，以便于实时控制从服务器到客户端（视频点播）或从客户端到服务器（语音录音）的媒体流。

流数据本身的传输不是RTSP的任务。大多数RTSP服务器使用实时传输协议（RTP）和实时传输控制协议（RTCP）结合媒体流传输。然而，一些供应商实现专有传输协议。例如，RealNetworks公司的RTSP服务器软件也使用RealNetworks的专有实时数据传输（RDT）。","The Real Time Streaming Protocol (RTSP) is a network control protocol designed for use in entertainment and communications systems to control streaming media servers. The protocol is used for establishing and controlling media sessions between end points. Clients of media servers issue VHS-style commands, such as play, record and pause, to facilitate real-time control of the media streaming from the server to a client (Video On Demand) or from a client to the server (Voice Recording).

The transmission of streaming data itself is not a task of RTSP. Most RTSP servers use the Real-time Transport Protocol (RTP) in conjunction with Real-time Control Protocol (RTCP) for media stream delivery. However, some vendors implement proprietary transport protocols. The RTSP server software from RealNetworks, for example, also used RealNetworks' proprietary Real Data Transport (RDT)."
RTC - General  - Transmission,实时消息协议,Real-Time Messaging Protocol (RTMP),实时消息协议（英语：Real-Time Messaging Protocol，缩写RTMP）也称实时消息传输协议，是最初由Macromedia为通过互联网在Flash播放器与一个服务器之间传输流媒体音频、视频和数据而开发的一个专有协议。Macromedia后被Adobe Systems收购，该协议也已发布了不完整的规范供公众使用。,"RTMP is a TCP-based protocol which maintains persistent connections and allows low-latency communication. Real-Time Messaging Protocol (RTMP) was initially a proprietary protocol developed by Macromedia for streaming audio, video and data over the Internet, between a Flash player and a server. Macromedia is now owned by Adobe, which has released an incomplete version of the specification of the protocol for public use."
RTC - General  - Transmission,HLS,HTTP Live Streaming (HLS),"HTTP Live Streaming（缩写是HLS）是由苹果公司提出基于HTTP的流媒体网络传输协议。它的工作原理是把整个流分成一个个小的基于HTTP的文件来下载，每次只下载一些。当媒体流正在播放时，客户端可以选择从许多不同的备用源中以不同的速率下载同样的资源，允许流媒体会话适应不同的数据速率。在开始一个流媒体会话时，客户端会下载一个包含元数据的extended M3U (m3u8) playlist文件，用于寻找可用的媒体流。

HLS只请求基本的HTTP报文，与实时传输协议（RTP）不同，HLS可以穿过任何允许HTTP数据通过的防火墙或者代理服务器。它也很容易使用内容分发网络(CDN)来传输媒体流。","HTTP Live Streaming (also known as HLS) is an HTTP-based adaptive bitrate streaming communications protocol developed by Apple Inc.

HLS resembles MPEG-DASH in that it works by breaking the overall stream into a sequence of small HTTP-based file downloads, each download loading one short chunk of an overall potentially unbounded transport stream. A list of available streams, encoded at different bit rates, is sent to the client using an extended M3U playlist.

Based on standard HTTP transactions, HTTP Live Streaming can traverse any firewall or proxy server that lets through standard HTTP traffic, unlike UDP-based protocols such as RTP. This also allows content to be offered from conventional HTTP servers and delivered over widely available HTTP-based content delivery networks."
RTC - General,CDN截图,CDN Snapshotting,,
RTC - General,HDS,HTTP Dynamic Streaming (HDS),,
RTC - General,OTT,Over-the-Top (OTT),OTT服务（英语：Over-The-Top Media Services）是一种通过互联网直接向观众提供的流媒体服务。OTT服务需要通过互联网作信息发送，有别于需要申领牌照的行业如有线电视、广播或卫星电视等传统媒体，于很多国家都不会被规范。,"OTT stands for Over-the-Top. Refers to any content service that allows you to stream videos via the internet and not via satellite or cable.

Netflix and Hulu are great examples of OTT services although there are many others that offer a wide range of free and paid content."
RTC - General,PES流,Packetized Elementary Stream,PES流（Packetized elementary stream）：把基本码流ES分割成段，并加上相应头打包成形的打包基本码流。,
RTC - General,比特流 / 码流,Bitstream,,
RTC - General,补充增强信息,Supplemental Enhancement Information (SEI),,
RTC - General,采样,Sampling,在信号处理领域，采样是将信号从连续时间域上的模拟信号转换到离散时间域上的离散信号的过程。,"In signal processing, sampling is the reduction of a continuous-time signal to a discrete-time signal. A common example is the conversion of a sound wave (a continuous signal) to a sequence of samples (a discrete-time signal)."
RTC - General,采样率,Sampling Rate,采样率（也称为采样速度或者采样频率）定义了每秒从连续信号中提取并组成离散信号的采样个数，它用赫兹（Hz）来表示。例如，48 kHz是每秒48，000个样本。,"A commonly seen unit of sampling rate is Hz, which stands for Hertz and means ""samples per second"". As an example, 48 kHz is 48,000 samples per second."
RTC - General,采样率转换 / 重采样,Sample-rate Conversion / Resampling,采样率转换是将具有某一采样率的离散样本流更改为具有另一采样率的流的过程。,Sample-rate conversion is the process of changing the sampling rate of a discrete signal to obtain a new discrete representation of the underlying continuous signal.
RTC - General,参考信号,Reference Signal,,
RTC - General,参考帧,Reference Frame,,
RTC - General,超低延迟,Ultra-low Latency,,
RTC - General,单讲,Single-talk,在会话中只有一个人说话。,
RTC - General,弹幕信息,"""Bullet Screen"" Messages","""Bullet Screen""是我们出口的词汇，已经被国外媒体认识和使用。",https://www.engadget.com/2014-08-20-china-bullet-screens.html
RTC - General,电视直播服务,Live TV Streaming Services,,
RTC - General,抖动,Jitter,指接收到的数据包的延迟发送变化。,Jitter is defined as a variation in the delay of received packets.
RTC - General,抖动缓冲区,Jitter Buffer,,
RTC - General,抖动缓冲（处理）,Jitter Buffering,,
RTC - General,独享带宽,Dedicated Bandwidth,独享带宽即托管用户独自享用一部分机房带宽资源。它适用于有较大规模的数据流量和访问量，对带宽资源要求保持恒定速率或有特殊要求的网站，如较大规模的ICP服务商、视频音乐网站、以商业运营为目的的网站等。,"Bandwidth that is reserved to a single purpose on a network. With a dedicated connection, it is possible to guarantee a certain amount of bandwidth for the duration of a stream."
RTC - General,分辨率,Resolution,"标清 Standard Definition (SD): 560x480 - 480p
高清 High Definition (HD): 1280x720 - 720p
全高清 Full High Definition (Full HD): 1920x1080 - 1080p
Quad High Definition (QHD): 2560x1440 - 1440p
超高清Ultra High Definition (UHD): 3840x2160 - 4K (2160p)","Standard Definition (SD): 560x480 - 480p
High Definition (HD): 1280x720 - 720p
Full High Definition (Full HD): 1920x1080 - 1080p
Quad High Definition (QHD): 2560x1440 - 1440p
Ultra High Definition (UHD): 3840x2160 - 4K (2160p)"
RTC - General,光学变焦,Optical Zoom,光学变焦是最传统的变焦方法，利用凹透镜与凸透镜的原理互相焦距而成。,
RTC - General,缓冲区,Buffer,,
RTC - General,缓冲（动作）,Buffering,,
RTC - General,花屏,Pixelated Image,,
RTC - General,画中画,Picture-in-Picture,,
RTC - General,回声消除,Acoustic Echo Cancellation (AEC),,
RTC - General,鉴黄,Obscene Content Detection,,
RTC - General,焦点,Focal Point,,
RTC - General,焦距,Focal Length,,
RTC - General,解复用,Demultiplexing / demuxing,,
RTC - General,节目流/PS流,Program Stream,PS流（Program stream）：节目流，将具有共同时间基准的一个或多个PES组合而成的单一数据流，用于播放或编辑系统。,
RTC - General,景深,Depth of Field (DOF),景深是指相机对焦点前后相对清晰的成像范围。,"For many cameras, depth of field (DOF) is the distance between the nearest and the farthest objects that are in acceptably sharp focus in an image."
RTC - General,就近接入,Geolocation Routing?,,
RTC - General,基本码流 / 原始流/ ES流,Elementary Stream,ES流（Elementary stream）：基本码流，不分段的音频、视频或其他信息的连续码流。,An elementary stream (ES) as defined by the MPEG communication protocol is usually the output of an audio encoder or video encoder.
RTC - General,基于HTTP的动态自适应流,Dynamic Adaptive Streaming over HTTP (MPEG-DASH),"基于HTTP的动态自适应流（英语：Dynamic Adaptive Streaming over HTTP，缩写DASH，也称MPEG-DASH）是一种自适应比特率流技术，使高质量流媒体可以通过传统的HTTP网络服务器以互联网传递。

类似苹果公司的HTTP Live Streaming（HLS）方案，MPEG-DASH会将内容分解成一系列小型的基于HTTP的文件片段，每个片段包含很短长度的可播放内容，而内容总长度可能长达数小时（例如电影或体育赛事直播）。内容将被制成多种比特率的备选片段，以提供多种比特率的版本供选用。当内容被MPEG-DASH客户端回放时，客户端将根据当前网络条件自动选择下载和播放哪一个备选方案。客户端将选择可及时下载的最高比特率片段进行播放，从而避免播放卡顿或重新缓冲事件。也因如此，MPEG-DASH客户端可以无缝适应不断变化的网络条件并提供高质量的播放体验，拥有更少的卡顿与重新缓冲发生率。

MPEG-DASH是首个基于HTTP的自适应比特率流解决方案，它也是一项国际标准。MPEG-DASH不应该与传输协议混淆——MPEG-DASH使用TCP传输协议。MPEG-DASH使用现有的HTTP网络服务器基础设施。它允许如互联网电视、电视机顶盒、台式电脑、智能手机、平板电脑等设备消费通过互联网传送的多媒体内容（如视频、电视、广播等），并可应对变动的互联网接收条件。自适应流解决方案的标准化是为向市场提供信心，使该解决方案可以用于通用部署，抗衡类似但更专有的解决方案，如微软Smooth Streaming与Adobe的HDS。

不同于HLS、HDS和Smooth Streaming，DASH不关心编解码器，因此它可以接受任何编码格式编码的内容，如H.265、H.264、VP9等。","Dynamic Adaptive Streaming over HTTP (DASH), also known as MPEG-DASH, is an adaptive bitrate streaming technique that enables high quality streaming of media content over the Internet delivered from conventional HTTP web servers.

Similar to Apple's HTTP Live Streaming (HLS) solution, MPEG-DASH works by breaking the content into a sequence of small HTTP-based file segments, each segment containing a short interval of playback time of content that is potentially many hours in duration, such as a movie or the live broadcast of a sports event. The content is made available at a variety of different bit rates, i.e., alternative segments encoded at different bit rates covering aligned short intervals of playback time. While the content is being played back by an MPEG-DASH client, the client uses a bit rate adaptation (ABR) algorithm to automatically select the segment with the highest bit rate possible that can be downloaded in time for playback without causing stalls or re-buffering events in the playback. Thus, an MPEG-DASH client can seamlessly adapt to changing network conditions and provide high quality playback with fewer stalls or re-buffering events.

MPEG-DASH is the first adaptive bit-rate HTTP-based streaming solution that is an international standard. MPEG-DASH should not be confused with a transport protocol — the transport protocol that MPEG-DASH uses is TCP. MPEG-DASH uses existing HTTP web server infrastructure that is used for delivery of essentially all World Wide Web content. It allows devices like Internet-connected televisions, TV set-top boxes, desktop computers, smartphones, tablets, etc. to consume multimedia content (video, TV, radio, etc.) delivered via the Internet, coping with variable Internet receiving conditions. Standardizing an adaptive streaming solution is meant to provide confidence to the market that the solution can be adopted for universal deployment, compared to similar but more proprietary solutions like Smooth Streaming by Microsoft, or HDS by Adobe.

Unlike HDS, or Smooth Streaming, DASH is codec-agnostic, which means it can use content encoded with any coding format, such as H.265, H.264, VP9, etc."
RTC - General,基于IP的语音传输,Voice over Internet Protocol (VoIP),,
RTC - General,基于上下文的自适应二进制算术熵编码,Context-based Adaptive Binary Arithmetic Coding (CABAC),,
RTC - General,基于上下文自适应的可变长编码,Context-based Adaptive Variable Length Coding (CAVLC),,
RTC - General,均衡,Equalization (EQ),"最初使用均衡通过应用具有相反响应的滤波器来“补偿”(即校正)电气系统的不均匀频率响应，从而恢复传输的保真度。系统净频率响应的曲线图将是一条平坦的线，因为它在任何频率的响应将等于它在任何其他频率的响应。因此出现了“均等化”一词。

在音频的录制和再现中，均衡通常用于使用线性滤波器改变音频系统的频率响应。此外，术语“均衡”也包括出于实用或美学原因调整频率响应，通常导致的净响应实际上不是“平坦的”。","Initially equalization was used to ""compensate for"" (i.e. correct) the uneven frequency response of an electric system by applying a filter having the opposite response, thus restoring the fidelity of the transmission. A plot of the system's net frequency response would be a flat line, as its response at any frequency would be equal to its response at any other frequency. Hence the term ""equalization.""

In sound recording and reproduction, equalization is the process commonly used to alter the frequency response of an audio system using linear filters. Also, the term ""equalization"" (or ""EQ"") has come to include the adjustment of frequency responses for practical or aesthetic reasons, often resulting in a net response that is not actually ""flat""."
RTC - General,空间冗余,Spatial Redundancy,同一图像内相邻像素的相似性。,Spatial redundancy means the correlation among neighbouring pixels in each frame of image.
RTC - General,跨度 / 步幅,Stride,"当视频图像存储在内存中时，内存缓冲区可能在每行像素之后包含额外的填充字节。填充字节影响图像在内存中存储，但不影响图像的显示。
跨度是从内存中的一行像素到内存中的下一行像素的字节数。如果存在填充字节，则跨度比图像的宽度要宽。","When a video image is stored in memory, the memory buffer might contain extra padding bytes after each row of pixels. The padding bytes affect how the image is stored in memory, but do not affect how the image is displayed.

The stride is the number of bytes from one row of pixels in memory to the next row of pixels in memory. Stride is also called pitch. If padding bytes are present, the stride is wider than the width of the image."
RTC - General,亮度,Luma / Luminance,,"In video, luma represents the brightness in an image (the ""black-and-white"" or achromatic portion of the image). Luma is typically paired with chrominance. Luma represents the achromatic image, while the chroma components represent the color information."
RTC - General,量化,Quantization,量化在数字信号处理领域是指将信号的连续取值（或者大量可能的离散取值）近似为有限多个（或较少的）离散值的过程。量化主要应用于从连续信号到数字信号的转换中。连续信号经过采样成为离散信号，离散信号经过量化即成为数字信号。量化的过程是先将整个幅度划分成有限个小幅度（量化阶距）的集合，把落入某个阶距内的样值归为一类，并赋予相同的量化值。,"Quantization, in mathematics and digital signal processing, is the process of mapping input values from a large set (often a continuous set) to output values in a (countable) smaller set, often with a finite number of elements. Rounding and truncation are typical examples of quantization processes. Quantization is involved to some degree in nearly all digital signal processing, as the process of representing a signal in digital form ordinarily involves rounding. Quantization also forms the core of essentially all lossy compression algorithms."
RTC - General,流控,Network Traffic Control,,
RTC - General,流媒体,Streaming Media,流媒体（英语：Streaming media) 是指将一连串的多媒体数据压缩后，经过互联网分段发送数据，在互联网上即时传输影音以供观赏的一种技术与过程，此技术使得数据数据包得以像流水一样发送，如果不使用此技术，就必须在使用前下载整个媒体文件。,
RTC - General,流媒体务器 / 中心,Streaming Media Server / Center,,
RTC - General,流式传输,Streaming,流式传输定义很广泛，主要指通过网络传送流媒体（如视频、音频）的技术总称。其特定含义为通过Internet将影视节目传送到PC机。实现流式传输有两种方法：实时流式传输（Realtime streaming）和顺序流式传输（progressive streaming）。,"Streaming is a technology used to deliver content to computers and mobile devices over the Internet. Streaming transmits data – usually audio and video, but increasingly other kinds as well – as a continuous flow, which allows the recipients to begin to watch or listen almost immediately."
RTC - General,流协议,Streaming Protocol,,"A streaming protocol is a code which describes how streaming is done. There are several protocols in existence, of which RTMP is one of the most widely used.  To use it, you need streaming destination data, which generally consists of two pieces - RTMP URL (Stream Address) and RTMP Key (Stream Name)."
RTC - General,铝带式麦克风,Ribbon Microphone,,
RTC - General,码率,Bitrate,,
RTC - General,内容分发网络,Content Delivery Network (CDN),内容分发网络 是指一种透过互联网互相连接的电脑网络系统，利用最靠近每位用户的服务器，更快、更可靠地将音乐、图片、影片、应用程序及其他文件发送给用户，来提供高性能、可扩展性及低成本的网络内容传递给用户。,"A content delivery network, or content distribution network (CDN), is a geographically distributed network of proxy servers and their data centers. The goal is to distribute service spatially relative to end-users to provide high availability and high performance."
RTC - General,屏幕朝向,Screen Orientation,,
RTC - General,破音,Sound Cracking？,,
RTC - General,卡顿,Stuttering,,
RTC - General,切字/吞字现象,Clipping,,
RTC - General,去抖动,De-jittering,,
RTC - General,去混响,Dereverberation,去混响是指在混响被麦克风拾取后，在采集到的声音总消除混响效果的过程。去混响是声学数字信号处理的一个子课题，最常应用于语音，但也与音乐处理的某些方面相关。,"Dereverberation is the process by which the effects of reverberation are removed from sound, after such reverberant sound has been picked up by microphones. Dereverberation is a subtopic of acoustic digital signal processing and is most commonly applied to speech but also has relevance in some aspects of music processing."
RTC - General,软件定义CDN,Software-Defined CDN (SD-CDN),,A content delivery network that uses multiple CDNs to improve your viewer’s experience.
RTC - General,时间冗余,Temporal Redundancy,临近帧之间的相似性。,"Temporal redundancy means the similarity among neighbouring frames, since a video frame tends to be similar to its immediate neighbours."
RTC - General,实时渲染,Real-time Rendering,,
RTC - General,双讲,Double-talk,在会话中有多过一个人同时说话。,"It is fairly normal in conversation for both parties to speak at the same time, at least briefly."
RTC - General,双讲检测,Double-Talk Detection (DTD),,"Double-talk Detector (DTD) is one of the critical functional elements of the echo canceller system. Without a properly working DTD, the echo canceller does not cancel echo reliably and speech transmitted upstream may be distorted."
RTC - General,数据比特串,String Of Data Bits (SODB),,
RTC - General,甜点码率,Bitrate Sweet Spot,,
RTC - General,甜点压缩比,Compression Ratio Sweet Spot,,
RTC - General,调度,Dispatching,,
RTC - General,提示点,Cuepoint,,A Live Cuepoint resource starts an ad break in the broadcast video stream.
RTC - General,无损压缩,Lossless Compression,,
RTC - General,线性处理,Linear Processing,,
RTC - General,信令服务器 / 中心,Signaling Server / Center,,
RTC - General,信令（过程）,Signaling,信令，是指为使通信网中各种设备协调运作，在设备之间传递的有关控制信息。,"In telecommunication, signaling is the use of signals for controlling communications."
RTC - General,虚拟多频道视频节目发行商,Virtual Multichannel Video Programming Distributor (VMVPD),,Virtual Multichannel Video Programming Distributor. A service that provides access to multiple live television channels via the internet.
RTC - General,延迟,Latency,,
RTC - General,压缩比,Compression Ratio,,
RTC - General,压缩码率,Compressed Bitrate,,
RTC - General,隐藏式字幕,Closed Captions (CC),,"Sometimes abbreviated as “CC”, this is text information usually combined with video content. It transcribes both dialogue that is being spoken but also relates on screen events that might be audio only. For example, a door closed off screen might create a loud noise that the captions can specify. This is how they differ from subtitles and why they are aimed at assisting those hard of hearing or deaf."
RTC - General,用户数据报协议,User Datagram Protocol (UDP),"用户数据报协议（英语：User Datagram Protocol，缩写：UDP；又称用户数据包协议）是一个简单的面向数据报的通信协议，位于OSI模型的传输层。该协议由David P. Reed在1980年设计且在RFC 768中被规范。典型网络上的众多使用UDP协议的关键应用在一定程度上是相似的。

在TCP/IP模型中，UDP为网络层以上和应用层以下提供了一个简单的接口。UDP只提供数据的不可靠传递，它一旦把应用程序发给网络层的数据发送出去，就不保留数据备份（所以UDP有时候也被认为是不可靠的数据报协议）。UDP在IP数据报的头部仅仅加入了复用和数据校验字段。","In computer networking, the User Datagram Protocol (UDP) is one of the core members of the Internet protocol suite. The protocol was designed by David P. Reed in 1980 and formally defined in RFC 768. With UDP, computer applications can send messages, in this case referred to as datagrams, to other hosts on an Internet Protocol (IP) network. Prior communications are not required in order to set up communication channels or data paths."
RTC - General,用唯一识别码,Universal Unique Identifier (UUID),,
RTC - General,有损压缩,Lossy Compression,,
RTC - General,原始码率 / 未压缩码率,Uncompressed Bitrate,,
RTC - General,原始字节序列负荷,Raw Byte Sequence Payload (RBSP),,
RTC - General,云视频分发,Cloud Video Distribution,,
RTC - General,云游戏,Cloud Gaming,,
RTC - General,云直播服务,Cloud Live Streaming Service,,
RTC - General,云转码,Cloud Transcoding,,
RTC - General,在线视频平台,Online Video Platform (OVP),,A platform that allows users to upload videos with the ability to generate revenue.
RTC - General,在线视频业务,Online Video Business,,An online service that generates income through the sale of access to their videos.
RTC - General,帧率,Frame Rate (FPS),,
RTC - General,直播云,Live Streaming Cloud,,
RTC - General,直播 (流式直播）,Live Streaming,特指通过实时流传输实现的直播,
RTC - General,智能调度,Intelligent Dispatching,,
RTC - General,转码,Transcoding,,Transcoding is the direct digital-to-digital conversion of one encoding to another.
RTC - General,转协议 / 转复用,Transmuxing,,"Transmuxing, also referred to as repackaging or packetizing, is a process in which audio and video files are repackaged into different delivery formats without changing the file contents."
RTC - General,自动噪声抑制,Automatic Noise Suppression (ANS),,
RTC - General,自动增益控制,Automatic Gain Control (AGC),,
RTC - General,自动重传请求,Automatic Repeat reQuest (ARQ),自动重传请求（Automatic Repeat-reQuest，ARQ）是OSI模型中数据链路层和传输层的错误纠正协议之一。它通过使用确认和超时这两个机制，在不可靠服务的基础上实现可靠的信息传输。如果发送方在发送后一段时间之内没有收到确认帧，它通常会重新发送。ARQ可能包括停止等待ARQ协议和连续ARQ协议，错误检测（Error Detection）、正面确认（Positive Acknowledgment）、超时重传（Retransmission after Timeout）和 负面确认及重传（Negative Acknowledgment and Retransmission）等机制。,"Automatic repeat request (ARQ), also known as automatic repeat query, is an error-control method for data transmission that uses acknowledgements (messages sent by the receiver indicating that it has correctly received a packet) and timeouts (specified periods of time allowed to elapse before an acknowledgment is to be received) to achieve reliable data transmission over an unreliable service. If the sender does not receive an acknowledgment before the timeout, it usually re-transmits the packet until the sender receives an acknowledgment or exceeds a predefined number of retransmissions."
RTC - General,自适应比特率流 / 自适性串流,Adaptive Bitrate Streaming (ABS),"自适性串流（英语：ABS, adaptive bitrate streaming），是一种在电脑网络使用的一种技术串流技术。过去的流媒体技术多使用 RTP/RTSP，但现在的技术则大多基于 HTTP，并为更高效在大型分布式HTTP网络（例如互联网）分发而设计。

此技术根据实时检测的用户的带宽和CPU使用率，调整视频流的质量。这需要使用一种可以将单一视频源输出为多码率的编码器。播放器客户端依赖可用资源在不同码率的流之间切换。""结果就是：更少缓存、更快的开始播放、为低端和高端链接都提供良好的体验。""

一下是该技术的一些实现：
MPEG-DASH
Adobe HTTP Dynamic Streaming (HDS)
Apple HTTP Live Streaming (HLS)
Microsoft Smooth Streaming (MSS)","Adaptive bitrate streaming is a technique used in streaming multimedia over computer networks. While in the past most video or audio streaming technologies utilized streaming protocols such as RTP with RTSP, today's adaptive streaming technologies are almost exclusively based on HTTP and designed to work efficiently over large distributed HTTP networks such as the Internet. It works by detecting a user's bandwidth and CPU capacity in real time and adjusting the quality of the media stream accordingly. It requires the use of an encoder which can encode a single source media (video or audio) at multiple bit rates. The player client[3] switches between streaming the different encodings depending on available resources. ""The result: very little buffering, fast start time and a good experience for both high-end and low-end connections.""

Implementations：
MPEG-DASH
Adobe HTTP Dynamic Streaming (HDS)
Apple HTTP Live Streaming (HLS)
Microsoft Smooth Streaming (MSS)"
Metaverse related,3D建模,3D modelling,,
Metaverse related,Avatar表情随动,Facial expression mirroring,,
Metaverse related,沉浸感,Immersive experience,,
Metaverse related,动画阶段,Animation,,
Metaverse related,服装配饰,Clothes and accessories,,
Metaverse related,建模阶段,modelling ,,
Metaverse related,脸部识别,Face recognition ,,
Metaverse related,脸部特征,Facial features,,
Metaverse related,临场感,sense of presence,,
Metaverse related,滤镜,Filter,,
Metaverse related,面部表情捕捉,Facial expression capture,,
Metaverse related,全息,holography/holographic,,
Metaverse related,人脸关键点,Keyspots,,
Metaverse related,人脸检测,Face detection,,
Metaverse related,人脸检测,Face detection,,
Metaverse related,声波,Sound wave,,
Metaverse related,声音驱动,Speech driven/ Speech simulation,,
Metaverse related,身体躯干,body,,
Metaverse related,实时表情捕捉,real time expression capture,,
Metaverse related,手动捏脸,Self-defined avatar,,
Metaverse related,体感交互,Tangible Interaction,,
Metaverse related,渲染,Rendering,,
Metaverse related,渲染阶段,Rendering,,
Metaverse related,虚拟形象,Avatar,,
Metaverse related,用户粘性,User stickiness,,
Metaverse related,原画阶段,Original manuscript design ,,
General - Platform/Framework/Programming language,C#语言,C#,,"C# is a general-purpose, multi-paradigm programming language. C# encompasses static typing, strong typing, lexically scoped, imperative, declarative, functional, generic, object-oriented, and component-oriented programming disciplines."
General - Platform/Framework/Programming language,C++语言,C++,,"C++ is a general-purpose programming language created by Danish computer scientist Bjarne Stroustrup as an extension of the C programming language, or ""C with Classes"". The language has expanded significantly over time, and modern C++ now has object-oriented, generic, and functional features in addition to facilities for low-level memory manipulation. It is almost always implemented as a compiled language, and many vendors provide C++ compilers, including the Free Software Foundation, LLVM, Microsoft, Intel, Oracle, and IBM, so it is available on many platforms."
General - Platform/Framework/Programming language,C语言,C,,"C is a general-purpose computer programming language. It was created in the 1970s by Dennis Ritchie, and remains very widely used and influential. By design, C's features cleanly reflect the capabilities of the targeted CPUs. It has found lasting use in operating systems, device drivers, protocol stacks, though decreasingly for application software, and is common in computer architectures that range from the largest supercomputers to the smallest microcontrollers and embedded systems."
General - Platform/Framework/Programming language,Dart语言,Dart,,"Dart is a programming language designed for client development, such as for the web and mobile apps. It is developed by Google and can also be used to build server and desktop applications. It is an object-oriented, class-based, garbage-collected language with C-style syntax. It can compile to either native code or JavaScript, and supports interfaces, mixins, abstract classes, reified generics and type inference."
General - Platform/Framework/Programming language,Javascript语言,Javascript/JS,,"JavaScript, often abbreviated JS, is a programming language that is one of the core technologies of the World Wide Web, alongside HTML and CSS. As of 2022, 98% of websites use JavaScript on the client side for web page behavior, often incorporating third-party libraries. All major web browsers have a dedicated JavaScript engine to execute the code on users' devices."
General - Platform/Framework/Programming language,Java语言,Java,,"Java is a high-level, class-based, object-oriented programming language that is designed to have as few implementation dependencies as possible. It is a general-purpose programming language intended to let programmers write once, run anywhere, meaning that compiled Java code can run on all platforms that support Java without the need to recompile."
General - Platform/Framework/Programming language,Objective-C语言,Objective-C,,"Objective-C is a general-purpose, object-oriented programming language that adds Smalltalk-style messaging to the C programming language. Originally developed by Brad Cox and Tom Love in the early 1980s, it was selected by NeXT for its NeXTSTEP operating system. Objective-C was the standard programming language supported by Apple for developing macOS and iOS applications using their respective application programming interfaces, Cocoa and Cocoa Touch, until the introduction of Swift in 2014."
General - Platform/Framework/Programming language,Swift语言,Swift,,"Swift is a powerful and intuitive programming language developed by Apple Inc for iOS iPadOS, macOS, tvOS, watchOS, and Linux application development. Swift combines decades of experience in building Apple platforms with the latest research in programming languages."
General - Platform/Framework/Programming language,跨平台,Cross-platform,,"A program is cross-platform when it can run across multiple devices, like a computer or a smartphone."
General - Integration/Project/Development,API时序图,API Call Sequence Diagram,,
General - Integration/Project/Development,初始化SDK,SDK initialization,,
General - Integration/Project/Development,回调,Callback,,
General - Integration/Project/Development,鉴权,Authentication,,"The process of confirming a claimed identity. All forms of authentication are based on something you know, something you have, or something you are."
General - Integration/Project/Development,集成SDK,SDK integration,,
General - Integration/Project/Development,流程图,Flowchart,,
General - Integration/Project/Development,实现步骤/使用步骤,Implementation steps,,
General - Integration/Project/Development,时序图,Sequence Diagram,,
General,IP电话,VoIP / IP Telephony,,
General,比特,Bit,,Bit is an abbreviation for a binary digit and is the smallest unit of measurement in computing.
General,车联网,Internet of Vehicles (IoV),,
General,带宽,Bandwidth,,Bandwidth refers to the amount of data that can travel along a connection per second.
General,单点登录,Single Sign-On (SSO),,
General,单点接入,Single-point Access,,
General,丢包,Packet Loss,丢包（Packet loss）是指一个或多个数据包（packet）的数据无法透过网络到达目的地。丢包与比特错误（bit error）与噪声（noise）所造成的虚假的数据包（spurious packets）是三个最主要的数字通信错误的原因。,"Packet loss occurs when one or more packets of data travelling across a computer network fail to reach their destination. Packet loss is either caused by errors in data transmission, typically across wireless networks, or network congestion.  Packet loss is measured as a percentage of packets lost with respect to packets sent."
General,底层协议,Low-level Protocol,,
General,动画,Animation,,Animation is a method in which pictures are manipulated to appear as moving images.
General,端点,Endpoint,,
General,耳机插头,"Headphone Connector /
Headphone Jack",,
General,复用,Multiplexing / Muxing,,
General,共享带宽,Shared Bandwidth,共享带宽共享带宽方式就是运营商会默认地对每个机架配备一定的带宽资源，然后由这个机架内的所有服务器去共享使用这些带宽，不去关心每台服务器具体的带宽使用情况，针对小型托管业务中对带宽无特别要求的客户。,
General,国家标准（OMTP）,OMTP,国家标准（OMTP）由开放移动终端平台组织（Open Mobile Terminal Platform）制定。称OMTP为国家标准并不是因为OMTP是中国制定的标准，而是因为【国家通信行业标准 YDT 1885-2009 号】对手机生产做出了某些特定的规定，要求手机必须支持OMTP才可以在国内上市。,A TRRS connector standard developed by the Open Mobile Terminal Platform (OMTP).
General,国际标准（CTIA）,CTIA,国际标准（CTIA）由美国无线通信和互联网协会（the Cellular Telecommunications and Internet Association）制定，使用广泛，国际厂商比如苹果、三星、索尼。在13年后，国际市场上的手机大多都采用CTIA标准。,A TRRS connector standard developed by the Cellular Telecommunications Industry Associatio (CTIA).
General,宏块,Macroblock (MB),,A 16x16 block
General,后台,Back-end,,"Back-end refers to any process that software or applications perform that are not about of the user experience, meaning they are not visible to the user. For example, a website encrypts your credit card data in the back-end of the checkout page, so that information is not visible to third parties."
General,后置摄像头,Rear Camera,,
General,回声,Echo,,
General,近端的,Near-end,,
General,机顶盒,Set-up Box (STB),"数字视频转换盒（英语：set-top box，缩写：STB）是一个连接电视机与外部信号源的设备。它可以将源信号转成电视内容，并在电视机上显示出来。信号可以来自有线电缆、卫星天线、宽带网络以及地面广播。机顶盒接收的内容除了模拟电视可以提供的图像、声音之外，更在于能够接收数据内容，包括电子节目指南、因特网网页、字幕等等。

在阴极射线管电视机流行的时代，数字视频转换盒常常被放置在电视机的顶部，故又被称为机顶盒或机上盒。","A set-top box (STB), also colloquially known as a cable box is an information appliance device that generally contains a TV-tuner input and displays output to a television set and an external source of signal, turning the source signal into content in a form that can then be displayed on the television screen or other display device. They are used in cable television, satellite television, and over-the-air television systems, as well as other uses."
General,流程图,Flowchart,,
General,前置摄像头,Front Camera,,
General,弱网,Weak Network,,
General,弱网对抗,Weak Network Confrontation,,
General,三段式耳机插头,TRS Connector,三段式接口，叫做TRS端子（Tip Ring Sleeve），只有音频输出，不支持没有麦克风、线控功能，常见于MP3，随身听等,"Three-conductor phone connectors are known as TRS connectors, where T stands for ""tip"", R stands for ""ring"" and S stands for ""sleeve""."
General,社交媒体,Social Media,,
General,时间戳,Timestampe,,
General,示例代码,Sample Code,,
General,时序图,Sequence Diagram,,
General,水印处理,Watermarking,,
General,竖屏,Portrait,,
General,数字变焦,Digital Zoom,,
General,缩放,Scaling,,
General,缩小/拉远,Zoom Out,,
General,通信平台服务,Communications Platform as a Service (cPaaS),这是一个在云端运行的电讯应用服务器，以及一系列将人与物通过互联网/PSTN相连接的服务商的总称。多数情况中，cPaaS是使用API来实现的，但是运行在电讯应用服务器上的SDK，GUI，以及app也是这个整体的一部分。,"cPaaS – communications platform as a service. Its a telecom app server running in the cloud and a bunch of carrier interconnects that enable telecoms (voice, video, messaging, identity, payments, etc.) over the internet / PSTN between people and things. Its generally accessed using an API, but SDKs, GUIs, and apps running on the telecom app server are also part of the mix."
General,统一接入,Unified Access,,
General,统一通信服务,Unified Communications as a Service (UCaaS),这是一种传递UC的方式，是企业通讯服务的一部分。其中cPaaS可以提供的服务就是UCaaS，所以技术层面来讲UCaaS是cPaaS的一个子集。但是，现实世界总是复杂的，企业购买电讯和合作服务经常是为了满足各种各样的内部需求。所以通常UC供应商只是将UCaaS作为他们传递方式的选择之一。通常cPaaS供应商都不会提供UCaaS服务。尽管目标用户为中小企业的专营UCaaS公司是一个健康良好的商业环境，他们也可能从cPaaS起步然后快速转移到AWS和其他开源资源来确保经济运转。,"UCaaS – unified communications as a service. Its a way to deliver UC, which is part of enterprise telecoms / collaboration services. One of the services cPaaS can run is UCaaS, so technically UCaaS is a subset of cPaaS. However, the real world is messy, enterprises buy telecoms and collaboration services / solutions to meet a large internal variety of needs. So generally UC vendors have UCaaS as one of their delivery options. Generally cPaaS vendors do not offer UCaaS. Though there is a healthy business of pure-play UCaaS providers targeting small and medium enterprises, and green field operations; they may start on cPaaS but quickly move to AWS and open source to make the economics work."
General,吞吐量,Throughput,,
General,网络抽象层,Network Abstraction Layer (NAL),,
General,微信开放平台,WeChat Official Account Platform,,
General,物联网,The Internet of things (IoT),,
General,响度 / 音量,Loudness / Volume,音量和声波的振幅（amplitude）有关。声波振幅大则音量大，反之则音量小。,"In acoustics, loudness is the subjective perception of sound pressure. More formally, it is defined as, ""That attribute of auditory sensation in terms of which sounds can be ordered on a scale extending from quiet to loud."" The loudness of a sound wave is determined from its amplitude."
General,像素,Pixel,像素，为影像显示的基本单位，译自英文“pixel”，pix是英语单词picture的常用简写，加上英语单词“元素”element，就得到pixel，故“像素”表示“画像元素”之意，有时亦被称为pel（picture element）。,"In digital imaging, a pixel, pel, or picture element is a physical point in a raster image, or the smallest addressable element in an all points addressable display device; so it is the smallest controllable element of a picture represented on the screen."
General,像素化,Pixelation,"在计算机图形学中，像素化是指图像用过大的尺寸显示，使得构成图像的单个像素清晰可见，从而导致图像被像素化（马赛克效果）。

A heavily pixelated image 像素颗粒明显的图像","In computer graphics, pixelation is caused by displaying a bitmap or a section of a bitmap at such a large size that individual pixels, small single-colored square display elements that comprise the bitmap, are visible. Such an image is said to be pixelated."
General,小程序,WeChat Mini Program,,
General,验证码登录 / 短信登录,Login with SMS / SMS Login,,
General,音色 / 音质,Timbre / Tone Color,"音色是人们区别具有同样响度、同样音调的两个声音之所以不同的特性,或者说是人耳对各种频率、各种强度的声波的综合反应；音色取决于材质，本质是谐波",Timbre is the quality of sound which allows us to distinguish between different sound sources producing sound at the same pitch and loudness. The vibration of sound waves is quite complex; most sounds vibrate at several frequencies simultaneously. The additional frequencies are called overtones or harmonics. The relative strength of these overtones helps determine a sound's timbre.
General,音调 / 音高,Pitch,音调和声波的的频率（frequency）相关，频率高的声音我们俗称高音，反之我们称为低音。,"Pitch is the quality of sound which makes some sounds seem ""higher"" or ""lower"" than others. Pitch is determined by the number of vibrations produced during a given time period. The vibration rate of a sound is called its frequency. The higher the frequency the higher the pitch. The average person can hear sound from about 20 Hz to about 20,000 Hz. The upper frequency limit will drop with age."
General,域,Domain,,"A domain is a group of computers that are based on the same network or server so they can access each other, or so you can run the same processes on each one simultaneously."
General,远端的,Far-end,,
General,域名解析,Domain Name Resolution,,
General,直播,Live Broadcasting,泛指所有的直播，也包括流式直播,
General,终端用户,End-user,,
General,子宏块,Sub-macroblock,,"One quarter of the samples of a macroblock, i.e., an 8x8 block"
General,目标群体指数,TGI (Target Group Index),,
General,用户画像,User Profile,,
General,目标群体指数,TGI (Target Group Index),,
General,超低延时,Ultra-low latency ,,
General,隐私意识/注重隐私,Privacy Consciousness ,,
General,以信任为基础的安全在线环境 ,"A trustworthy, secure online environment ",,
General,情感缺失,Emotional void ,,
General,安全漏洞,Security breaches/ Security vulnerabilities,,
General,技术障碍,Technical obstacle,,
General,一对一医患服务/医生随叫随到,Doctor on Demand,,
General,虚拟咨询,Virtual consultations,,
General,基本标准/准则,Essential criteria,,
General,医疗/保健从业者,Healthcare practitioners,,
General,专业认证的,board-certified,,
General,货币化/商业化,monetization,,
General,用户获取, user acquisition,,
General,交叉促销/交互推广,Cross-promotion,,
General,本地化,Localization,,
General,用户粘性,User stickiness,,
General,开发者友好的集成,Developer-friendly integration,,
General,强大的弱网对抗策略,Optimized performance under weak networks,,
General,网络自适应能力,Network adaptability,,
General,开箱即用解决方案,Out-of-box solutions,,
General,流量控制,Network traffic control,,
Cloud Computing,公有云,Public cloud,,Services offered over the public Internet and available to anyone who wants to purchase them.
Cloud Computing,混合云,Hybrid cloud,,"A cloud that combines public and private clouds, bound together by technology that allows data and applications to be shared between them. A hybrid cloud gives businesses greater flexibility to scale up and down and offers more deployment options."
Cloud Computing,基础设施即服务,Infrastructure as a service (IaaS),,"A virtualized computer environment delivered as a service over the Internet by a provider. Infrastructure can include servers, network equipment, and software. Also called hardware as a service (HaaS)."
Cloud Computing,机器学习,Machine learning,,"The process of using mathematical models to predict outcomes versus relying on a set of instructions. This is made possible by identifying patterns within data, building an analytical model, and using it to make predictions and decisions. Machine learning bears similarity to how humans learn, in that increased experience can increase accuracy."
Cloud Computing,机器学习算法,Machine learning algorithms,,"Help data scientists identify patterns within sets of data. Selected based upon the desired outcome—predicting values, identifying anomalies, finding structure, or determining categories—machine learning algorithms are commonly divided into those used for supervised learning and those used for unsupervised learning."
Cloud Computing,开发运维,DevOps,,"The union of people, process, and technology to enable continuous delivery of value to customers. The practice of DevOps brings development and operations teams together to speed software delivery and make products more secure and reliable."
Cloud Computing,平台即服务,Platform as a service (PaaS),,A computing platform (operating system and other services) delivered as a service over the Internet by a provider. An example is an application development environment that you can subscribe to and use immediately. 
Cloud Computing,人工智能,artificial intelligence (AI),,"The capability of a computer system to imitate human intelligence. Using math and logic, the computer system simulates the reasoning that humans use to learn from new information and make decisions."
Cloud Computing,软件即服务,Software as a service (SaaS),,"An application delivered over the Internet by a provider. Also called a hosted application. The application doesn’t have to be purchased, installed, or run on users’ computers. SaaS providers were previously referred to as ASPs (application service providers)."
Cloud Computing,私有云,Private cloud,,"Services offered over the Internet or over a private internal network to only select users, not the general public"
Cloud Computing,无服务器计算,Serverless computing,,A computing model in which the cloud provider provisions and manages servers. It enables developers to spend more time building apps and less time managing infrastructure.
Cloud Computing,虚拟化,Virtualization,,"The act of creating a virtual rather than a physical version of a computing environment, including computer hardware, operating system, storage devices, and so forth. "
Cloud Computing,云端存储,Cloud storage,,A service that lets you store data by transferring it over the Internet or another network to an offsite storage system maintained by a third party.
Cloud Computing,云服务供应商,Cloud service provider,,"A company that provides a cloud-based platform, infrastructure, application, or storage services, usually for a fee."
Cloud Computing,云计算,Cloud computing,,"A delivery model for computing resources in which various servers, applications, data, and other resources are integrated and provided as a service over the Internet. Resources are often virtualized."
Cloud Computing,云计算类型,Cloud computing types,,"There are three main cloud computing types, with additional ones evolving—software-as-a-service (SaaS) for web-based applications, infrastructure-as-a-service (IaaS) for Internet-based access to storage and computing power, and platform-as-a-service (PaaS) that gives developers the tools to build and host Web applications."
,,,,
,,,,
,,,,
,,,,
,,,,
,,,,
,,,,
,,,,
,,,,
,,,,
,,,,
,,,,
,,,,
,,,,
,,,,
,,,,
,,,,
,,,,
,,,,
,,,,
,,,,
,,,,
,,,,
,,,,
,,,,
,,,,
,,,,
,,,,
,,,,
,,,,
,,,,
,,,,
,,,,
,,,,
,,,,
,,,,
,,,,
,,,,
,,,,
,,,,
,,,,
,,,,
,,,,
,,,,
,,,,
,,,,
,,,,
,,,,
,,,,
,,,,
,,,,
,,,,
,,,,
,,,,
,,,,
,,,,
,,,,
,,,,
,,,,
,,,,
,,,,
,,,,
,,,,
,,,,
,,,,
,,,,
,,,,
,,,,
,,,,
,,,,
,,,,
,,,,
,,,,
,,,,
,,,,
,,,,
,,,,
,,,,
,,,,
RTC - General,大小流,Dual Stream / Dual-Streaming,Web端的大小流功能，推流端可同时推两路不同分辨率和码率的流，拉流端可以根据自己的网络环境自由选择拉取高分辨率的流还是低分辨率的流。,
RTC - General,,,,